{
  "bestError": 51.315526193673,
  "p0": 0.1900413983518,
  "p1": 0.000844726355188655,
  "p2": 4.92048761910001,
  "pd0": 0.0205054376539538,
  "pd1": 2.3204550188655e-05,
  "pd2": 0.0565167755737025,
  "step": 1,
  "tuneIndex": 1
}